-- phpMyAdmin SQL Dump
-- version 5.1.1
-- https://www.phpmyadmin.net/
--
-- Hôte : 127.0.0.1:3308
-- Généré le : mar. 29 nov. 2022 à 13:41
-- Version du serveur : 10.4.21-MariaDB
-- Version de PHP : 7.4.24

SET SQL_MODE = "NO_AUTO_VALUE_ON_ZERO";
START TRANSACTION;
SET time_zone = "+00:00";


/*!40101 SET @OLD_CHARACTER_SET_CLIENT=@@CHARACTER_SET_CLIENT */;
/*!40101 SET @OLD_CHARACTER_SET_RESULTS=@@CHARACTER_SET_RESULTS */;
/*!40101 SET @OLD_COLLATION_CONNECTION=@@COLLATION_CONNECTION */;
/*!40101 SET NAMES utf8mb4 */;

--
-- Base de données : `ap3`
--

-- --------------------------------------------------------

--
-- Structure de la table `a_en_stock`
--

CREATE TABLE `a_en_stock` (
  `pr_stock` int(11) NOT NULL,
  `fk_pr` varchar(12) NOT NULL,
  `fk_ma` int(11) NOT NULL
) ENGINE=InnoDB DEFAULT CHARSET=utf8mb4;

--
-- Déchargement des données de la table `a_en_stock`
--

INSERT INTO `a_en_stock` (`pr_stock`, `fk_pr`, `fk_ma`) VALUES
(69, '000000000001', 1),
(89, '000000000002', 1);

-- --------------------------------------------------------

--
-- Structure de la table `client`
--

CREATE TABLE `client` (
  `cl_id` int(11) NOT NULL,
  `cl_code` varchar(11) NOT NULL,
  `cl_nom` varchar(60) NOT NULL,
  `cl_prenom` varchar(45) NOT NULL,
  `cl_mdp` varchar(150) NOT NULL,
  `cl_adresse` varchar(128) NOT NULL,
  `cl_email` varchar(45) NOT NULL,
  `cl_telephone` varchar(15) NOT NULL,
  `cl_dateNaissance` date NOT NULL
) ENGINE=InnoDB DEFAULT CHARSET=utf8mb4;

--
-- Déchargement des données de la table `client`
--

INSERT INTO `client` (`cl_id`, `cl_code`, `cl_nom`, `cl_prenom`, `cl_mdp`, `cl_adresse`, `cl_email`, `cl_telephone`, `cl_dateNaissance`) VALUES
(1, 'CL00000001', 'o²o', 'oooo', '72905e7b32d847468edcdbf99f7d218e466cd828300306f1d9f8c3e0512e44fe4394644b581ed52656a2870c9a67c592bc40ca322099aa52bf528c54f9cabde0', '25 rue zzzzz', 'ooooooo@gmail.com', '0658985412', '0000-00-00'),
(2, 'CL00000002', 'tiwer', 'kjzef', '40d306df4fbffce56c38ce96948d6bac43f8f0eb91a7918e0bb6ebb31e1f6d9fdf9de33c31f9bc0d79cf9453040b78ab6d24f4893cef2b4187ffb504635ea906', '24 rue du beguinage Assevent', '55555@gmail.com', '0783454837', '2003-01-28'),
(3, 'CL00000003', 'A4Sparis', 'Lucas', 'ba3253876aed6bc22d4a6ff53d8406c6ad864195ed144ab5c87621b6c233b548baeae6956df346ec8c17f5ea10f35ee3cbc514797ed7ddd3145464e2a0bab413', '623 rue du boulevard Paris', 'A4Sparis@gmail.com', '0612345678', '2003-01-28');

-- --------------------------------------------------------

--
-- Structure de la table `commande`
--

CREATE TABLE `commande` (
  `co_id` int(11) NOT NULL,
  `co_date` date NOT NULL,
  `co_prixTotal` float NOT NULL,
  `co_statut` varchar(45) NOT NULL DEFAULT 'En attente',
  `fk_cl` int(11) NOT NULL
) ENGINE=InnoDB DEFAULT CHARSET=utf8mb4;

--
-- Déchargement des données de la table `commande`
--

INSERT INTO `commande` (`co_id`, `co_date`, `co_prixTotal`, `co_statut`, `fk_cl`) VALUES
(2, '2022-09-27', 80.59, 'transmise', 1),
(3, '2022-09-27', 35.99, 'transmise', 1),
(4, '2022-11-22', 440.48, 'transmise', 2),
(5, '2022-11-22', 4943.74, 'transmise', 3),
(6, '2022-11-22', 8351.5, 'transmise', 1),
(7, '2022-11-22', 0, 'transmise', 1),
(10, '2022-11-22', 1752.1, 'transmise', 3),
(11, '2022-11-22', 1752.1, 'transmise', 3),
(12, '2022-11-22', 1752.1, 'transmise', 3),
(13, '2022-11-22', 1752.1, 'transmise', 3),
(14, '2022-11-22', 1752.1, 'transmise', 3),
(15, '2022-11-22', 220.24, 'transmise', 2),
(17, '2022-11-29', 181.34, 'transmise', 2);

-- --------------------------------------------------------

--
-- Structure de la table `enfant`
--

CREATE TABLE `enfant` (
  `en_id` int(11) NOT NULL,
  `en_age` int(11) NOT NULL,
  `fk_cl` int(11) NOT NULL
) ENGINE=InnoDB DEFAULT CHARSET=utf8mb4;

-- --------------------------------------------------------

--
-- Structure de la table `est_stocke`
--

CREATE TABLE `est_stocke` (
  `fk_pr` varchar(12) NOT NULL,
  `fk_ls` int(11) NOT NULL
) ENGINE=InnoDB DEFAULT CHARSET=utf8mb4;

--
-- Déchargement des données de la table `est_stocke`
--

INSERT INTO `est_stocke` (`fk_pr`, `fk_ls`) VALUES
('000000000001', 1),
('000000000002', 2),
('000000000003', 1),
('000000000004', 1);

-- --------------------------------------------------------

--
-- Structure de la table `fournisseur`
--

CREATE TABLE `fournisseur` (
  `fo_id` varchar(3) NOT NULL,
  `fo_nom` varchar(45) NOT NULL
) ENGINE=InnoDB DEFAULT CHARSET=utf8mb4;

--
-- Déchargement des données de la table `fournisseur`
--

INSERT INTO `fournisseur` (`fo_id`, `fo_nom`) VALUES
('NIK', 'Nike');

-- --------------------------------------------------------

--
-- Structure de la table `lieustockage`
--

CREATE TABLE `lieustockage` (
  `ls_id` int(11) NOT NULL,
  `ls_libelle` varchar(125) NOT NULL
) ENGINE=InnoDB DEFAULT CHARSET=utf8mb4;

--
-- Déchargement des données de la table `lieustockage`
--

INSERT INTO `lieustockage` (`ls_id`, `ls_libelle`) VALUES
(1, 'Le Havre'),
(2, 'Lyon'),
(3, 'Marseille');

-- --------------------------------------------------------

--
-- Structure de la table `lie_a`
--

CREATE TABLE `lie_a` (
  `pr_quantite` int(11) NOT NULL,
  `fk_pr` varchar(12) NOT NULL,
  `fk_co` int(11) NOT NULL
) ENGINE=InnoDB DEFAULT CHARSET=utf8mb4;

--
-- Déchargement des données de la table `lie_a`
--

INSERT INTO `lie_a` (`pr_quantite`, `fk_pr`, `fk_co`) VALUES
(45, '000000000001', 5),
(85, '000000000001', 6),
(14, '000000000001', 12),
(14, '000000000001', 13),
(14, '000000000001', 14),
(3, '000000000002', 2),
(1, '000000000002', 3),
(2, '000000000002', 4),
(47, '000000000002', 5),
(78, '000000000002', 6),
(17, '000000000002', 12),
(17, '000000000002', 13),
(17, '000000000002', 14),
(1, '000000000002', 15),
(2, '000000000002', 17),
(6, '000000000003', 4),
(3, '000000000003', 15);

-- --------------------------------------------------------

--
-- Structure de la table `magasin`
--

CREATE TABLE `magasin` (
  `ma_id` int(11) NOT NULL,
  `ma_lieu` varchar(45) NOT NULL,
  `ma_login` varchar(45) NOT NULL,
  `ma_mdp` varchar(125) NOT NULL,
  `ma_idClient` int(11) NOT NULL
) ENGINE=InnoDB DEFAULT CHARSET=utf8mb4;

--
-- Déchargement des données de la table `magasin`
--

INSERT INTO `magasin` (`ma_id`, `ma_lieu`, `ma_login`, `ma_mdp`, `ma_idClient`) VALUES
(1, 'Paris', 'A4Fparis', '123456', 3),
(2, 'Tours', 'A4Ftours', '123456', 0);

-- --------------------------------------------------------

--
-- Structure de la table `photos`
--

CREATE TABLE `photos` (
  `ph_id` int(11) NOT NULL,
  `ph_chemin` varchar(125) NOT NULL,
  `fk_pr` varchar(12) NOT NULL
) ENGINE=InnoDB DEFAULT CHARSET=utf8mb4;

--
-- Déchargement des données de la table `photos`
--

INSERT INTO `photos` (`ph_id`, `ph_chemin`, `fk_pr`) VALUES
(1, '../images/nike-revolution-6-nn2.jpg', '000000000001'),
(2, '../images/nike-revolution-6-nn.jpg', '000000000001'),
(3, '../images/nike_251136_BV6877_010_20210211T143858_01.jpg', '000000000002'),
(4, '../images/nike_251136_BV6877_010_20210211T143900_02.jpg', '000000000002'),
(5, '../images/haltere1.jpg', '000000000003'),
(6, '../images/haltere2.jpg', '000000000003'),
(7, '../images/haltere3.jpg', '000000000003'),
(8, '../images/planche1.jpg', '000000000004'),
(9, '../images/planche2.jpg', '000000000004'),
(10, '../images/planche3.jpg', '000000000004');

-- --------------------------------------------------------

--
-- Structure de la table `pratique`
--

CREATE TABLE `pratique` (
  `fk_cl` int(11) NOT NULL,
  `fk_ra` varchar(3) NOT NULL
) ENGINE=InnoDB DEFAULT CHARSET=utf8mb4;

-- --------------------------------------------------------

--
-- Structure de la table `produit`
--

CREATE TABLE `produit` (
  `pr_nom` varchar(100) NOT NULL,
  `pr_reference` varchar(12) NOT NULL,
  `pr_coutHT` float NOT NULL,
  `pr_description` text NOT NULL,
  `pr_stockInternet` int(11) NOT NULL,
  `fk_fournisseur` varchar(3) NOT NULL,
  `fk_rayon` varchar(3) NOT NULL
) ENGINE=InnoDB DEFAULT CHARSET=utf8mb4;

--
-- Déchargement des données de la table `produit`
--

INSERT INTO `produit` (`pr_nom`, `pr_reference`, `pr_coutHT`, `pr_description`, `pr_stockInternet`, `fk_fournisseur`, `fk_rayon`) VALUES
('Chaussures nike', '000000000001', 12.54, 'Chaussures nike sport', 1, 'NIK', 'FOO'),
('Jogging NIKE', '000000000002', 75.56, 'Jogging nike sport', 9, 'NIK', 'FOO'),
('SONGMICS haltères', '000000000003', 35.99, 'SCULPTEZ VOTRE CORPS : Les équipements de sports SONGMICS vous aident à faire du sport au travail ou à la maison. Remuez-vous et commencez dès maintenant !', 13, 'NIK', 'MUS'),
('PLANCHE NATATION PISCINE BLEU ROSE', '000000000004', 7.51, 'Besoin de support lors de vos exercices ? Cette planche de natation en mousse offre une grande flottabilité pour les nageurs désirant avoir un support lors du travail des jambes ou de l\'apprentissage.', 56, 'NIK', 'NAT');

-- --------------------------------------------------------

--
-- Structure de la table `rayon`
--

CREATE TABLE `rayon` (
  `ra_id` varchar(3) NOT NULL,
  `ra_libelle` varchar(45) NOT NULL
) ENGINE=InnoDB DEFAULT CHARSET=utf8mb4;

--
-- Déchargement des données de la table `rayon`
--

INSERT INTO `rayon` (`ra_id`, `ra_libelle`) VALUES
('ATH', 'Athletisme'),
('BOW', 'Bowling'),
('CUR', 'Curling'),
('EQU', 'Equitation'),
('FOO', 'Football'),
('MUS', 'Musculation'),
('NAT', 'Natation'),
('VOL', 'Volley');

--
-- Index pour les tables déchargées
--

--
-- Index pour la table `a_en_stock`
--
ALTER TABLE `a_en_stock`
  ADD PRIMARY KEY (`fk_pr`,`fk_ma`),
  ADD KEY `fk_ma` (`fk_ma`);

--
-- Index pour la table `client`
--
ALTER TABLE `client`
  ADD PRIMARY KEY (`cl_id`);

--
-- Index pour la table `commande`
--
ALTER TABLE `commande`
  ADD PRIMARY KEY (`co_id`),
  ADD KEY `fk_cl` (`fk_cl`);

--
-- Index pour la table `enfant`
--
ALTER TABLE `enfant`
  ADD PRIMARY KEY (`en_id`),
  ADD KEY `fk_cl` (`fk_cl`);

--
-- Index pour la table `est_stocke`
--
ALTER TABLE `est_stocke`
  ADD PRIMARY KEY (`fk_pr`,`fk_ls`),
  ADD KEY `fk_ls` (`fk_ls`);

--
-- Index pour la table `fournisseur`
--
ALTER TABLE `fournisseur`
  ADD PRIMARY KEY (`fo_id`);

--
-- Index pour la table `lieustockage`
--
ALTER TABLE `lieustockage`
  ADD PRIMARY KEY (`ls_id`);

--
-- Index pour la table `lie_a`
--
ALTER TABLE `lie_a`
  ADD PRIMARY KEY (`fk_pr`,`fk_co`),
  ADD KEY `fk_hi` (`fk_co`);

--
-- Index pour la table `magasin`
--
ALTER TABLE `magasin`
  ADD PRIMARY KEY (`ma_id`);

--
-- Index pour la table `photos`
--
ALTER TABLE `photos`
  ADD PRIMARY KEY (`ph_id`),
  ADD KEY `fk_pr` (`fk_pr`);

--
-- Index pour la table `pratique`
--
ALTER TABLE `pratique`
  ADD PRIMARY KEY (`fk_cl`,`fk_ra`),
  ADD KEY `fk_sp` (`fk_ra`);

--
-- Index pour la table `produit`
--
ALTER TABLE `produit`
  ADD PRIMARY KEY (`pr_reference`),
  ADD KEY `fk_rayon` (`fk_rayon`),
  ADD KEY `fk_fournisseur` (`fk_fournisseur`);

--
-- Index pour la table `rayon`
--
ALTER TABLE `rayon`
  ADD PRIMARY KEY (`ra_id`);

--
-- AUTO_INCREMENT pour les tables déchargées
--

--
-- AUTO_INCREMENT pour la table `client`
--
ALTER TABLE `client`
  MODIFY `cl_id` int(11) NOT NULL AUTO_INCREMENT, AUTO_INCREMENT=4;

--
-- AUTO_INCREMENT pour la table `commande`
--
ALTER TABLE `commande`
  MODIFY `co_id` int(11) NOT NULL AUTO_INCREMENT, AUTO_INCREMENT=18;

--
-- AUTO_INCREMENT pour la table `enfant`
--
ALTER TABLE `enfant`
  MODIFY `en_id` int(11) NOT NULL AUTO_INCREMENT;

--
-- AUTO_INCREMENT pour la table `lieustockage`
--
ALTER TABLE `lieustockage`
  MODIFY `ls_id` int(11) NOT NULL AUTO_INCREMENT, AUTO_INCREMENT=4;

--
-- AUTO_INCREMENT pour la table `magasin`
--
ALTER TABLE `magasin`
  MODIFY `ma_id` int(11) NOT NULL AUTO_INCREMENT, AUTO_INCREMENT=3;

--
-- AUTO_INCREMENT pour la table `photos`
--
ALTER TABLE `photos`
  MODIFY `ph_id` int(11) NOT NULL AUTO_INCREMENT, AUTO_INCREMENT=11;

--
-- Contraintes pour les tables déchargées
--

--
-- Contraintes pour la table `a_en_stock`
--
ALTER TABLE `a_en_stock`
  ADD CONSTRAINT `a_en_stock_ibfk_2` FOREIGN KEY (`fk_ma`) REFERENCES `magasin` (`ma_id`);

--
-- Contraintes pour la table `commande`
--
ALTER TABLE `commande`
  ADD CONSTRAINT `commande_ibfk_1` FOREIGN KEY (`fk_cl`) REFERENCES `client` (`cl_id`);

--
-- Contraintes pour la table `enfant`
--
ALTER TABLE `enfant`
  ADD CONSTRAINT `enfant_ibfk_1` FOREIGN KEY (`fk_cl`) REFERENCES `client` (`cl_id`);

--
-- Contraintes pour la table `est_stocke`
--
ALTER TABLE `est_stocke`
  ADD CONSTRAINT `est_stocke_ibfk_1` FOREIGN KEY (`fk_ls`) REFERENCES `lieustockage` (`ls_id`),
  ADD CONSTRAINT `est_stocke_ibfk_2` FOREIGN KEY (`fk_pr`) REFERENCES `produit` (`pr_reference`);

--
-- Contraintes pour la table `lie_a`
--
ALTER TABLE `lie_a`
  ADD CONSTRAINT `lie_a_ibfk_1` FOREIGN KEY (`fk_co`) REFERENCES `commande` (`co_id`);

--
-- Contraintes pour la table `pratique`
--
ALTER TABLE `pratique`
  ADD CONSTRAINT `pratique_ibfk_3` FOREIGN KEY (`fk_cl`) REFERENCES `client` (`cl_id`),
  ADD CONSTRAINT `pratique_ibfk_4` FOREIGN KEY (`fk_ra`) REFERENCES `rayon` (`ra_id`);

--
-- Contraintes pour la table `produit`
--
ALTER TABLE `produit`
  ADD CONSTRAINT `produit_ibfk_1` FOREIGN KEY (`fk_rayon`) REFERENCES `rayon` (`ra_id`),
  ADD CONSTRAINT `produit_ibfk_2` FOREIGN KEY (`fk_fournisseur`) REFERENCES `fournisseur` (`fo_id`);
COMMIT;

/*!40101 SET CHARACTER_SET_CLIENT=@OLD_CHARACTER_SET_CLIENT */;
/*!40101 SET CHARACTER_SET_RESULTS=@OLD_CHARACTER_SET_RESULTS */;
/*!40101 SET COLLATION_CONNECTION=@OLD_COLLATION_CONNECTION */;
